data_fpath,label_fpath,dataset,fold
CurveFault_A/seis2_1_0.npy,CurveFault_A/vel2_1_0.npy,CurveFault_A,0
CurveFault_A/seis2_1_1.npy,CurveFault_A/vel2_1_1.npy,CurveFault_A,0
CurveFault_A/seis2_1_10.npy,CurveFault_A/vel2_1_10.npy,CurveFault_A,-100
CurveFault_A/seis2_1_11.npy,CurveFault_A/vel2_1_11.npy,CurveFault_A,-100
CurveFault_A/seis2_1_12.npy,CurveFault_A/vel2_1_12.npy,CurveFault_A,-100
CurveFault_A/seis2_1_13.npy,CurveFault_A/vel2_1_13.npy,CurveFault_A,-100
CurveFault_A/seis2_1_14.npy,CurveFault_A/vel2_1_14.npy,CurveFault_A,-100
CurveFault_A/seis2_1_15.npy,CurveFault_A/vel2_1_15.npy,CurveFault_A,-100
CurveFault_A/seis2_1_16.npy,CurveFault_A/vel2_1_16.npy,CurveFault_A,-100
CurveFault_A/seis2_1_17.npy,CurveFault_A/vel2_1_17.npy,CurveFault_A,-100
CurveFault_A/seis2_1_18.npy,CurveFault_A/vel2_1_18.npy,CurveFault_A,-100
CurveFault_A/seis2_1_19.npy,CurveFault_A/vel2_1_19.npy,CurveFault_A,-100
CurveFault_A/seis2_1_2.npy,CurveFault_A/vel2_1_2.npy,CurveFault_A,-100
CurveFault_A/seis2_1_20.npy,CurveFault_A/vel2_1_20.npy,CurveFault_A,-100
CurveFault_A/seis2_1_21.npy,CurveFault_A/vel2_1_21.npy,CurveFault_A,-100
CurveFault_A/seis2_1_22.npy,CurveFault_A/vel2_1_22.npy,CurveFault_A,-100
CurveFault_A/seis2_1_23.npy,CurveFault_A/vel2_1_23.npy,CurveFault_A,-100
CurveFault_A/seis2_1_24.npy,CurveFault_A/vel2_1_24.npy,CurveFault_A,-100
CurveFault_A/seis2_1_25.npy,CurveFault_A/vel2_1_25.npy,CurveFault_A,-100
CurveFault_A/seis2_1_26.npy,CurveFault_A/vel2_1_26.npy,CurveFault_A,-100
CurveFault_A/seis2_1_27.npy,CurveFault_A/vel2_1_27.npy,CurveFault_A,-100
CurveFault_A/seis2_1_28.npy,CurveFault_A/vel2_1_28.npy,CurveFault_A,-100
CurveFault_A/seis2_1_29.npy,CurveFault_A/vel2_1_29.npy,CurveFault_A,-100
CurveFault_A/seis2_1_3.npy,CurveFault_A/vel2_1_3.npy,CurveFault_A,-100
CurveFault_A/seis2_1_30.npy,CurveFault_A/vel2_1_30.npy,CurveFault_A,-100
CurveFault_A/seis2_1_31.npy,CurveFault_A/vel2_1_31.npy,CurveFault_A,-100
CurveFault_A/seis2_1_32.npy,CurveFault_A/vel2_1_32.npy,CurveFault_A,-100
CurveFault_A/seis2_1_33.npy,CurveFault_A/vel2_1_33.npy,CurveFault_A,-100
CurveFault_A/seis2_1_34.npy,CurveFault_A/vel2_1_34.npy,CurveFault_A,-100
CurveFault_A/seis2_1_35.npy,CurveFault_A/vel2_1_35.npy,CurveFault_A,-100
CurveFault_A/seis2_1_4.npy,CurveFault_A/vel2_1_4.npy,CurveFault_A,-100
CurveFault_A/seis2_1_5.npy,CurveFault_A/vel2_1_5.npy,CurveFault_A,-100
CurveFault_A/seis2_1_6.npy,CurveFault_A/vel2_1_6.npy,CurveFault_A,-100
CurveFault_A/seis2_1_7.npy,CurveFault_A/vel2_1_7.npy,CurveFault_A,-100
CurveFault_A/seis2_1_8.npy,CurveFault_A/vel2_1_8.npy,CurveFault_A,-100
CurveFault_A/seis2_1_9.npy,CurveFault_A/vel2_1_9.npy,CurveFault_A,-100
CurveFault_A/seis3_1_0.npy,CurveFault_A/vel3_1_0.npy,CurveFault_A,-100
CurveFault_A/seis3_1_1.npy,CurveFault_A/vel3_1_1.npy,CurveFault_A,-100
CurveFault_A/seis3_1_10.npy,CurveFault_A/vel3_1_10.npy,CurveFault_A,-100
CurveFault_A/seis3_1_11.npy,CurveFault_A/vel3_1_11.npy,CurveFault_A,-100
CurveFault_A/seis3_1_12.npy,CurveFault_A/vel3_1_12.npy,CurveFault_A,-100
CurveFault_A/seis3_1_13.npy,CurveFault_A/vel3_1_13.npy,CurveFault_A,-100
CurveFault_A/seis3_1_14.npy,CurveFault_A/vel3_1_14.npy,CurveFault_A,-100
CurveFault_A/seis3_1_15.npy,CurveFault_A/vel3_1_15.npy,CurveFault_A,-100
CurveFault_A/seis3_1_16.npy,CurveFault_A/vel3_1_16.npy,CurveFault_A,-100
CurveFault_A/seis3_1_17.npy,CurveFault_A/vel3_1_17.npy,CurveFault_A,-100
CurveFault_A/seis3_1_18.npy,CurveFault_A/vel3_1_18.npy,CurveFault_A,-100
CurveFault_A/seis3_1_19.npy,CurveFault_A/vel3_1_19.npy,CurveFault_A,-100
CurveFault_A/seis3_1_2.npy,CurveFault_A/vel3_1_2.npy,CurveFault_A,-100
CurveFault_A/seis3_1_20.npy,CurveFault_A/vel3_1_20.npy,CurveFault_A,-100
CurveFault_A/seis3_1_21.npy,CurveFault_A/vel3_1_21.npy,CurveFault_A,-100
CurveFault_A/seis3_1_22.npy,CurveFault_A/vel3_1_22.npy,CurveFault_A,-100
CurveFault_A/seis3_1_23.npy,CurveFault_A/vel3_1_23.npy,CurveFault_A,-100
CurveFault_A/seis3_1_24.npy,CurveFault_A/vel3_1_24.npy,CurveFault_A,-100
CurveFault_A/seis3_1_25.npy,CurveFault_A/vel3_1_25.npy,CurveFault_A,-100
CurveFault_A/seis3_1_26.npy,CurveFault_A/vel3_1_26.npy,CurveFault_A,-100
CurveFault_A/seis3_1_27.npy,CurveFault_A/vel3_1_27.npy,CurveFault_A,-100
CurveFault_A/seis3_1_28.npy,CurveFault_A/vel3_1_28.npy,CurveFault_A,-100
CurveFault_A/seis3_1_29.npy,CurveFault_A/vel3_1_29.npy,CurveFault_A,-100
CurveFault_A/seis3_1_3.npy,CurveFault_A/vel3_1_3.npy,CurveFault_A,-100
CurveFault_A/seis3_1_30.npy,CurveFault_A/vel3_1_30.npy,CurveFault_A,-100
CurveFault_A/seis3_1_31.npy,CurveFault_A/vel3_1_31.npy,CurveFault_A,-100
CurveFault_A/seis3_1_32.npy,CurveFault_A/vel3_1_32.npy,CurveFault_A,-100
CurveFault_A/seis3_1_33.npy,CurveFault_A/vel3_1_33.npy,CurveFault_A,-100
CurveFault_A/seis3_1_34.npy,CurveFault_A/vel3_1_34.npy,CurveFault_A,-100
CurveFault_A/seis3_1_35.npy,CurveFault_A/vel3_1_35.npy,CurveFault_A,-100
CurveFault_A/seis3_1_4.npy,CurveFault_A/vel3_1_4.npy,CurveFault_A,-100
CurveFault_A/seis3_1_5.npy,CurveFault_A/vel3_1_5.npy,CurveFault_A,-100
CurveFault_A/seis3_1_6.npy,CurveFault_A/vel3_1_6.npy,CurveFault_A,-100
CurveFault_A/seis3_1_7.npy,CurveFault_A/vel3_1_7.npy,CurveFault_A,-100
CurveFault_A/seis3_1_8.npy,CurveFault_A/vel3_1_8.npy,CurveFault_A,-100
CurveFault_A/seis3_1_9.npy,CurveFault_A/vel3_1_9.npy,CurveFault_A,-100
CurveFault_A/seis4_1_0.npy,CurveFault_A/vel4_1_0.npy,CurveFault_A,-100
CurveFault_A/seis4_1_1.npy,CurveFault_A/vel4_1_1.npy,CurveFault_A,-100
CurveFault_A/seis4_1_10.npy,CurveFault_A/vel4_1_10.npy,CurveFault_A,-100
CurveFault_A/seis4_1_11.npy,CurveFault_A/vel4_1_11.npy,CurveFault_A,-100
CurveFault_A/seis4_1_12.npy,CurveFault_A/vel4_1_12.npy,CurveFault_A,-100
CurveFault_A/seis4_1_13.npy,CurveFault_A/vel4_1_13.npy,CurveFault_A,-100
CurveFault_A/seis4_1_14.npy,CurveFault_A/vel4_1_14.npy,CurveFault_A,-100
CurveFault_A/seis4_1_15.npy,CurveFault_A/vel4_1_15.npy,CurveFault_A,-100
CurveFault_A/seis4_1_16.npy,CurveFault_A/vel4_1_16.npy,CurveFault_A,-100
CurveFault_A/seis4_1_17.npy,CurveFault_A/vel4_1_17.npy,CurveFault_A,-100
CurveFault_A/seis4_1_18.npy,CurveFault_A/vel4_1_18.npy,CurveFault_A,-100
CurveFault_A/seis4_1_19.npy,CurveFault_A/vel4_1_19.npy,CurveFault_A,-100
CurveFault_A/seis4_1_2.npy,CurveFault_A/vel4_1_2.npy,CurveFault_A,-100
CurveFault_A/seis4_1_20.npy,CurveFault_A/vel4_1_20.npy,CurveFault_A,-100
CurveFault_A/seis4_1_21.npy,CurveFault_A/vel4_1_21.npy,CurveFault_A,-100
CurveFault_A/seis4_1_22.npy,CurveFault_A/vel4_1_22.npy,CurveFault_A,-100
CurveFault_A/seis4_1_23.npy,CurveFault_A/vel4_1_23.npy,CurveFault_A,-100
CurveFault_A/seis4_1_24.npy,CurveFault_A/vel4_1_24.npy,CurveFault_A,-100
CurveFault_A/seis4_1_25.npy,CurveFault_A/vel4_1_25.npy,CurveFault_A,-100
CurveFault_A/seis4_1_26.npy,CurveFault_A/vel4_1_26.npy,CurveFault_A,-100
CurveFault_A/seis4_1_27.npy,CurveFault_A/vel4_1_27.npy,CurveFault_A,-100
CurveFault_A/seis4_1_28.npy,CurveFault_A/vel4_1_28.npy,CurveFault_A,-100
CurveFault_A/seis4_1_29.npy,CurveFault_A/vel4_1_29.npy,CurveFault_A,-100
CurveFault_A/seis4_1_3.npy,CurveFault_A/vel4_1_3.npy,CurveFault_A,-100
CurveFault_A/seis4_1_30.npy,CurveFault_A/vel4_1_30.npy,CurveFault_A,-100
CurveFault_A/seis4_1_31.npy,CurveFault_A/vel4_1_31.npy,CurveFault_A,-100
CurveFault_A/seis4_1_32.npy,CurveFault_A/vel4_1_32.npy,CurveFault_A,-100
CurveFault_A/seis4_1_33.npy,CurveFault_A/vel4_1_33.npy,CurveFault_A,-100
CurveFault_A/seis4_1_34.npy,CurveFault_A/vel4_1_34.npy,CurveFault_A,-100
CurveFault_A/seis4_1_35.npy,CurveFault_A/vel4_1_35.npy,CurveFault_A,-100
CurveFault_A/seis4_1_4.npy,CurveFault_A/vel4_1_4.npy,CurveFault_A,-100
CurveFault_A/seis4_1_5.npy,CurveFault_A/vel4_1_5.npy,CurveFault_A,-100
CurveFault_A/seis4_1_6.npy,CurveFault_A/vel4_1_6.npy,CurveFault_A,-100
CurveFault_A/seis4_1_7.npy,CurveFault_A/vel4_1_7.npy,CurveFault_A,-100
CurveFault_A/seis4_1_8.npy,CurveFault_A/vel4_1_8.npy,CurveFault_A,-100
CurveFault_A/seis4_1_9.npy,CurveFault_A/vel4_1_9.npy,CurveFault_A,-100
CurveFault_B/seis6_1_0.npy,CurveFault_B/vel6_1_0.npy,CurveFault_B,0
CurveFault_B/seis6_1_1.npy,CurveFault_B/vel6_1_1.npy,CurveFault_B,0
CurveFault_B/seis6_1_10.npy,CurveFault_B/vel6_1_10.npy,CurveFault_B,-100
CurveFault_B/seis6_1_11.npy,CurveFault_B/vel6_1_11.npy,CurveFault_B,-100
CurveFault_B/seis6_1_12.npy,CurveFault_B/vel6_1_12.npy,CurveFault_B,-100
CurveFault_B/seis6_1_13.npy,CurveFault_B/vel6_1_13.npy,CurveFault_B,-100
CurveFault_B/seis6_1_14.npy,CurveFault_B/vel6_1_14.npy,CurveFault_B,-100
CurveFault_B/seis6_1_15.npy,CurveFault_B/vel6_1_15.npy,CurveFault_B,-100
CurveFault_B/seis6_1_16.npy,CurveFault_B/vel6_1_16.npy,CurveFault_B,-100
CurveFault_B/seis6_1_17.npy,CurveFault_B/vel6_1_17.npy,CurveFault_B,-100
CurveFault_B/seis6_1_18.npy,CurveFault_B/vel6_1_18.npy,CurveFault_B,-100
CurveFault_B/seis6_1_19.npy,CurveFault_B/vel6_1_19.npy,CurveFault_B,-100
CurveFault_B/seis6_1_2.npy,CurveFault_B/vel6_1_2.npy,CurveFault_B,-100
CurveFault_B/seis6_1_20.npy,CurveFault_B/vel6_1_20.npy,CurveFault_B,-100
CurveFault_B/seis6_1_21.npy,CurveFault_B/vel6_1_21.npy,CurveFault_B,-100
CurveFault_B/seis6_1_22.npy,CurveFault_B/vel6_1_22.npy,CurveFault_B,-100
CurveFault_B/seis6_1_23.npy,CurveFault_B/vel6_1_23.npy,CurveFault_B,-100
CurveFault_B/seis6_1_24.npy,CurveFault_B/vel6_1_24.npy,CurveFault_B,-100
CurveFault_B/seis6_1_25.npy,CurveFault_B/vel6_1_25.npy,CurveFault_B,-100
CurveFault_B/seis6_1_26.npy,CurveFault_B/vel6_1_26.npy,CurveFault_B,-100
CurveFault_B/seis6_1_27.npy,CurveFault_B/vel6_1_27.npy,CurveFault_B,-100
CurveFault_B/seis6_1_28.npy,CurveFault_B/vel6_1_28.npy,CurveFault_B,-100
CurveFault_B/seis6_1_29.npy,CurveFault_B/vel6_1_29.npy,CurveFault_B,-100
CurveFault_B/seis6_1_3.npy,CurveFault_B/vel6_1_3.npy,CurveFault_B,-100
CurveFault_B/seis6_1_30.npy,CurveFault_B/vel6_1_30.npy,CurveFault_B,-100
CurveFault_B/seis6_1_31.npy,CurveFault_B/vel6_1_31.npy,CurveFault_B,-100
CurveFault_B/seis6_1_32.npy,CurveFault_B/vel6_1_32.npy,CurveFault_B,-100
CurveFault_B/seis6_1_33.npy,CurveFault_B/vel6_1_33.npy,CurveFault_B,-100
CurveFault_B/seis6_1_34.npy,CurveFault_B/vel6_1_34.npy,CurveFault_B,-100
CurveFault_B/seis6_1_35.npy,CurveFault_B/vel6_1_35.npy,CurveFault_B,-100
CurveFault_B/seis6_1_4.npy,CurveFault_B/vel6_1_4.npy,CurveFault_B,-100
CurveFault_B/seis6_1_5.npy,CurveFault_B/vel6_1_5.npy,CurveFault_B,-100
CurveFault_B/seis6_1_6.npy,CurveFault_B/vel6_1_6.npy,CurveFault_B,-100
CurveFault_B/seis6_1_7.npy,CurveFault_B/vel6_1_7.npy,CurveFault_B,-100
CurveFault_B/seis6_1_8.npy,CurveFault_B/vel6_1_8.npy,CurveFault_B,-100
CurveFault_B/seis6_1_9.npy,CurveFault_B/vel6_1_9.npy,CurveFault_B,-100
CurveFault_B/seis7_1_0.npy,CurveFault_B/vel7_1_0.npy,CurveFault_B,-100
CurveFault_B/seis7_1_1.npy,CurveFault_B/vel7_1_1.npy,CurveFault_B,-100
CurveFault_B/seis7_1_10.npy,CurveFault_B/vel7_1_10.npy,CurveFault_B,-100
CurveFault_B/seis7_1_11.npy,CurveFault_B/vel7_1_11.npy,CurveFault_B,-100
CurveFault_B/seis7_1_12.npy,CurveFault_B/vel7_1_12.npy,CurveFault_B,-100
CurveFault_B/seis7_1_13.npy,CurveFault_B/vel7_1_13.npy,CurveFault_B,-100
CurveFault_B/seis7_1_14.npy,CurveFault_B/vel7_1_14.npy,CurveFault_B,-100
CurveFault_B/seis7_1_15.npy,CurveFault_B/vel7_1_15.npy,CurveFault_B,-100
CurveFault_B/seis7_1_16.npy,CurveFault_B/vel7_1_16.npy,CurveFault_B,-100
CurveFault_B/seis7_1_17.npy,CurveFault_B/vel7_1_17.npy,CurveFault_B,-100
CurveFault_B/seis7_1_18.npy,CurveFault_B/vel7_1_18.npy,CurveFault_B,-100
CurveFault_B/seis7_1_19.npy,CurveFault_B/vel7_1_19.npy,CurveFault_B,-100
CurveFault_B/seis7_1_2.npy,CurveFault_B/vel7_1_2.npy,CurveFault_B,-100
CurveFault_B/seis7_1_20.npy,CurveFault_B/vel7_1_20.npy,CurveFault_B,-100
CurveFault_B/seis7_1_21.npy,CurveFault_B/vel7_1_21.npy,CurveFault_B,-100
CurveFault_B/seis7_1_22.npy,CurveFault_B/vel7_1_22.npy,CurveFault_B,-100
CurveFault_B/seis7_1_23.npy,CurveFault_B/vel7_1_23.npy,CurveFault_B,-100
CurveFault_B/seis7_1_24.npy,CurveFault_B/vel7_1_24.npy,CurveFault_B,-100
CurveFault_B/seis7_1_25.npy,CurveFault_B/vel7_1_25.npy,CurveFault_B,-100
CurveFault_B/seis7_1_26.npy,CurveFault_B/vel7_1_26.npy,CurveFault_B,-100
CurveFault_B/seis7_1_27.npy,CurveFault_B/vel7_1_27.npy,CurveFault_B,-100
CurveFault_B/seis7_1_28.npy,CurveFault_B/vel7_1_28.npy,CurveFault_B,-100
CurveFault_B/seis7_1_29.npy,CurveFault_B/vel7_1_29.npy,CurveFault_B,-100
CurveFault_B/seis7_1_3.npy,CurveFault_B/vel7_1_3.npy,CurveFault_B,-100
CurveFault_B/seis7_1_30.npy,CurveFault_B/vel7_1_30.npy,CurveFault_B,-100
CurveFault_B/seis7_1_31.npy,CurveFault_B/vel7_1_31.npy,CurveFault_B,-100
CurveFault_B/seis7_1_32.npy,CurveFault_B/vel7_1_32.npy,CurveFault_B,-100
CurveFault_B/seis7_1_33.npy,CurveFault_B/vel7_1_33.npy,CurveFault_B,-100
CurveFault_B/seis7_1_34.npy,CurveFault_B/vel7_1_34.npy,CurveFault_B,-100
CurveFault_B/seis7_1_35.npy,CurveFault_B/vel7_1_35.npy,CurveFault_B,-100
CurveFault_B/seis7_1_4.npy,CurveFault_B/vel7_1_4.npy,CurveFault_B,-100
CurveFault_B/seis7_1_5.npy,CurveFault_B/vel7_1_5.npy,CurveFault_B,-100
CurveFault_B/seis7_1_6.npy,CurveFault_B/vel7_1_6.npy,CurveFault_B,-100
CurveFault_B/seis7_1_7.npy,CurveFault_B/vel7_1_7.npy,CurveFault_B,-100
CurveFault_B/seis7_1_8.npy,CurveFault_B/vel7_1_8.npy,CurveFault_B,-100
CurveFault_B/seis7_1_9.npy,CurveFault_B/vel7_1_9.npy,CurveFault_B,-100
CurveFault_B/seis8_1_0.npy,CurveFault_B/vel8_1_0.npy,CurveFault_B,-100
CurveFault_B/seis8_1_1.npy,CurveFault_B/vel8_1_1.npy,CurveFault_B,-100
CurveFault_B/seis8_1_10.npy,CurveFault_B/vel8_1_10.npy,CurveFault_B,-100
CurveFault_B/seis8_1_11.npy,CurveFault_B/vel8_1_11.npy,CurveFault_B,-100
CurveFault_B/seis8_1_12.npy,CurveFault_B/vel8_1_12.npy,CurveFault_B,-100
CurveFault_B/seis8_1_13.npy,CurveFault_B/vel8_1_13.npy,CurveFault_B,-100
CurveFault_B/seis8_1_14.npy,CurveFault_B/vel8_1_14.npy,CurveFault_B,-100
CurveFault_B/seis8_1_15.npy,CurveFault_B/vel8_1_15.npy,CurveFault_B,-100
CurveFault_B/seis8_1_16.npy,CurveFault_B/vel8_1_16.npy,CurveFault_B,-100
CurveFault_B/seis8_1_17.npy,CurveFault_B/vel8_1_17.npy,CurveFault_B,-100
CurveFault_B/seis8_1_18.npy,CurveFault_B/vel8_1_18.npy,CurveFault_B,-100
CurveFault_B/seis8_1_19.npy,CurveFault_B/vel8_1_19.npy,CurveFault_B,-100
CurveFault_B/seis8_1_2.npy,CurveFault_B/vel8_1_2.npy,CurveFault_B,-100
CurveFault_B/seis8_1_20.npy,CurveFault_B/vel8_1_20.npy,CurveFault_B,-100
CurveFault_B/seis8_1_21.npy,CurveFault_B/vel8_1_21.npy,CurveFault_B,-100
CurveFault_B/seis8_1_22.npy,CurveFault_B/vel8_1_22.npy,CurveFault_B,-100
CurveFault_B/seis8_1_23.npy,CurveFault_B/vel8_1_23.npy,CurveFault_B,-100
CurveFault_B/seis8_1_24.npy,CurveFault_B/vel8_1_24.npy,CurveFault_B,-100
CurveFault_B/seis8_1_25.npy,CurveFault_B/vel8_1_25.npy,CurveFault_B,-100
CurveFault_B/seis8_1_26.npy,CurveFault_B/vel8_1_26.npy,CurveFault_B,-100
CurveFault_B/seis8_1_27.npy,CurveFault_B/vel8_1_27.npy,CurveFault_B,-100
CurveFault_B/seis8_1_28.npy,CurveFault_B/vel8_1_28.npy,CurveFault_B,-100
CurveFault_B/seis8_1_29.npy,CurveFault_B/vel8_1_29.npy,CurveFault_B,-100
CurveFault_B/seis8_1_3.npy,CurveFault_B/vel8_1_3.npy,CurveFault_B,-100
CurveFault_B/seis8_1_30.npy,CurveFault_B/vel8_1_30.npy,CurveFault_B,-100
CurveFault_B/seis8_1_31.npy,CurveFault_B/vel8_1_31.npy,CurveFault_B,-100
CurveFault_B/seis8_1_32.npy,CurveFault_B/vel8_1_32.npy,CurveFault_B,-100
CurveFault_B/seis8_1_33.npy,CurveFault_B/vel8_1_33.npy,CurveFault_B,-100
CurveFault_B/seis8_1_34.npy,CurveFault_B/vel8_1_34.npy,CurveFault_B,-100
CurveFault_B/seis8_1_35.npy,CurveFault_B/vel8_1_35.npy,CurveFault_B,-100
CurveFault_B/seis8_1_4.npy,CurveFault_B/vel8_1_4.npy,CurveFault_B,-100
CurveFault_B/seis8_1_5.npy,CurveFault_B/vel8_1_5.npy,CurveFault_B,-100
CurveFault_B/seis8_1_6.npy,CurveFault_B/vel8_1_6.npy,CurveFault_B,-100
CurveFault_B/seis8_1_7.npy,CurveFault_B/vel8_1_7.npy,CurveFault_B,-100
CurveFault_B/seis8_1_8.npy,CurveFault_B/vel8_1_8.npy,CurveFault_B,-100
CurveFault_B/seis8_1_9.npy,CurveFault_B/vel8_1_9.npy,CurveFault_B,-100
CurveVel_A/data1.npy,CurveVel_A/model1.npy,CurveVel_A,0
CurveVel_A/data10.npy,CurveVel_A/model10.npy,CurveVel_A,0
CurveVel_A/data11.npy,CurveVel_A/model11.npy,CurveVel_A,-100
CurveVel_A/data12.npy,CurveVel_A/model12.npy,CurveVel_A,-100
CurveVel_A/data13.npy,CurveVel_A/model13.npy,CurveVel_A,-100
CurveVel_A/data14.npy,CurveVel_A/model14.npy,CurveVel_A,-100
CurveVel_A/data15.npy,CurveVel_A/model15.npy,CurveVel_A,-100
CurveVel_A/data16.npy,CurveVel_A/model16.npy,CurveVel_A,-100
CurveVel_A/data17.npy,CurveVel_A/model17.npy,CurveVel_A,-100
CurveVel_A/data18.npy,CurveVel_A/model18.npy,CurveVel_A,-100
CurveVel_A/data19.npy,CurveVel_A/model19.npy,CurveVel_A,-100
CurveVel_A/data2.npy,CurveVel_A/model2.npy,CurveVel_A,-100
CurveVel_A/data20.npy,CurveVel_A/model20.npy,CurveVel_A,-100
CurveVel_A/data21.npy,CurveVel_A/model21.npy,CurveVel_A,-100
CurveVel_A/data22.npy,CurveVel_A/model22.npy,CurveVel_A,-100
CurveVel_A/data23.npy,CurveVel_A/model23.npy,CurveVel_A,-100
CurveVel_A/data24.npy,CurveVel_A/model24.npy,CurveVel_A,-100
CurveVel_A/data25.npy,CurveVel_A/model25.npy,CurveVel_A,-100
CurveVel_A/data26.npy,CurveVel_A/model26.npy,CurveVel_A,-100
CurveVel_A/data27.npy,CurveVel_A/model27.npy,CurveVel_A,-100
CurveVel_A/data28.npy,CurveVel_A/model28.npy,CurveVel_A,-100
CurveVel_A/data29.npy,CurveVel_A/model29.npy,CurveVel_A,-100
CurveVel_A/data3.npy,CurveVel_A/model3.npy,CurveVel_A,-100
CurveVel_A/data30.npy,CurveVel_A/model30.npy,CurveVel_A,-100
CurveVel_A/data31.npy,CurveVel_A/model31.npy,CurveVel_A,-100
CurveVel_A/data32.npy,CurveVel_A/model32.npy,CurveVel_A,-100
CurveVel_A/data33.npy,CurveVel_A/model33.npy,CurveVel_A,-100
CurveVel_A/data34.npy,CurveVel_A/model34.npy,CurveVel_A,-100
CurveVel_A/data35.npy,CurveVel_A/model35.npy,CurveVel_A,-100
CurveVel_A/data36.npy,CurveVel_A/model36.npy,CurveVel_A,-100
CurveVel_A/data37.npy,CurveVel_A/model37.npy,CurveVel_A,-100
CurveVel_A/data38.npy,CurveVel_A/model38.npy,CurveVel_A,-100
CurveVel_A/data39.npy,CurveVel_A/model39.npy,CurveVel_A,-100
CurveVel_A/data4.npy,CurveVel_A/model4.npy,CurveVel_A,-100
CurveVel_A/data40.npy,CurveVel_A/model40.npy,CurveVel_A,-100
CurveVel_A/data41.npy,CurveVel_A/model41.npy,CurveVel_A,-100
CurveVel_A/data42.npy,CurveVel_A/model42.npy,CurveVel_A,-100
CurveVel_A/data43.npy,CurveVel_A/model43.npy,CurveVel_A,-100
CurveVel_A/data44.npy,CurveVel_A/model44.npy,CurveVel_A,-100
CurveVel_A/data45.npy,CurveVel_A/model45.npy,CurveVel_A,-100
CurveVel_A/data46.npy,CurveVel_A/model46.npy,CurveVel_A,-100
CurveVel_A/data47.npy,CurveVel_A/model47.npy,CurveVel_A,-100
CurveVel_A/data48.npy,CurveVel_A/model48.npy,CurveVel_A,-100
CurveVel_A/data49.npy,CurveVel_A/model49.npy,CurveVel_A,-100
CurveVel_A/data5.npy,CurveVel_A/model5.npy,CurveVel_A,-100
CurveVel_A/data50.npy,CurveVel_A/model50.npy,CurveVel_A,-100
CurveVel_A/data51.npy,CurveVel_A/model51.npy,CurveVel_A,-100
CurveVel_A/data52.npy,CurveVel_A/model52.npy,CurveVel_A,-100
CurveVel_A/data53.npy,CurveVel_A/model53.npy,CurveVel_A,-100
CurveVel_A/data54.npy,CurveVel_A/model54.npy,CurveVel_A,-100
CurveVel_A/data55.npy,CurveVel_A/model55.npy,CurveVel_A,-100
CurveVel_A/data56.npy,CurveVel_A/model56.npy,CurveVel_A,-100
CurveVel_A/data57.npy,CurveVel_A/model57.npy,CurveVel_A,-100
CurveVel_A/data58.npy,CurveVel_A/model58.npy,CurveVel_A,-100
CurveVel_A/data59.npy,CurveVel_A/model59.npy,CurveVel_A,-100
CurveVel_A/data6.npy,CurveVel_A/model6.npy,CurveVel_A,-100
CurveVel_A/data60.npy,CurveVel_A/model60.npy,CurveVel_A,-100
CurveVel_A/data7.npy,CurveVel_A/model7.npy,CurveVel_A,-100
CurveVel_A/data8.npy,CurveVel_A/model8.npy,CurveVel_A,-100
CurveVel_A/data9.npy,CurveVel_A/model9.npy,CurveVel_A,-100
CurveVel_B/data1.npy,CurveVel_B/model1.npy,CurveVel_B,0
CurveVel_B/data10.npy,CurveVel_B/model10.npy,CurveVel_B,0
CurveVel_B/data11.npy,CurveVel_B/model11.npy,CurveVel_B,-100
CurveVel_B/data12.npy,CurveVel_B/model12.npy,CurveVel_B,-100
CurveVel_B/data13.npy,CurveVel_B/model13.npy,CurveVel_B,-100
CurveVel_B/data14.npy,CurveVel_B/model14.npy,CurveVel_B,-100
CurveVel_B/data15.npy,CurveVel_B/model15.npy,CurveVel_B,-100
CurveVel_B/data16.npy,CurveVel_B/model16.npy,CurveVel_B,-100
CurveVel_B/data17.npy,CurveVel_B/model17.npy,CurveVel_B,-100
CurveVel_B/data18.npy,CurveVel_B/model18.npy,CurveVel_B,-100
CurveVel_B/data19.npy,CurveVel_B/model19.npy,CurveVel_B,-100
CurveVel_B/data2.npy,CurveVel_B/model2.npy,CurveVel_B,-100
CurveVel_B/data20.npy,CurveVel_B/model20.npy,CurveVel_B,-100
CurveVel_B/data21.npy,CurveVel_B/model21.npy,CurveVel_B,-100
CurveVel_B/data22.npy,CurveVel_B/model22.npy,CurveVel_B,-100
CurveVel_B/data23.npy,CurveVel_B/model23.npy,CurveVel_B,-100
CurveVel_B/data24.npy,CurveVel_B/model24.npy,CurveVel_B,-100
CurveVel_B/data25.npy,CurveVel_B/model25.npy,CurveVel_B,-100
CurveVel_B/data26.npy,CurveVel_B/model26.npy,CurveVel_B,-100
CurveVel_B/data27.npy,CurveVel_B/model27.npy,CurveVel_B,-100
CurveVel_B/data28.npy,CurveVel_B/model28.npy,CurveVel_B,-100
CurveVel_B/data29.npy,CurveVel_B/model29.npy,CurveVel_B,-100
CurveVel_B/data3.npy,CurveVel_B/model3.npy,CurveVel_B,-100
CurveVel_B/data30.npy,CurveVel_B/model30.npy,CurveVel_B,-100
CurveVel_B/data31.npy,CurveVel_B/model31.npy,CurveVel_B,-100
CurveVel_B/data32.npy,CurveVel_B/model32.npy,CurveVel_B,-100
CurveVel_B/data33.npy,CurveVel_B/model33.npy,CurveVel_B,-100
CurveVel_B/data34.npy,CurveVel_B/model34.npy,CurveVel_B,-100
CurveVel_B/data35.npy,CurveVel_B/model35.npy,CurveVel_B,-100
CurveVel_B/data36.npy,CurveVel_B/model36.npy,CurveVel_B,-100
CurveVel_B/data37.npy,CurveVel_B/model37.npy,CurveVel_B,-100
CurveVel_B/data38.npy,CurveVel_B/model38.npy,CurveVel_B,-100
CurveVel_B/data39.npy,CurveVel_B/model39.npy,CurveVel_B,-100
CurveVel_B/data4.npy,CurveVel_B/model4.npy,CurveVel_B,-100
CurveVel_B/data40.npy,CurveVel_B/model40.npy,CurveVel_B,-100
CurveVel_B/data41.npy,CurveVel_B/model41.npy,CurveVel_B,-100
CurveVel_B/data42.npy,CurveVel_B/model42.npy,CurveVel_B,-100
CurveVel_B/data43.npy,CurveVel_B/model43.npy,CurveVel_B,-100
CurveVel_B/data44.npy,CurveVel_B/model44.npy,CurveVel_B,-100
CurveVel_B/data45.npy,CurveVel_B/model45.npy,CurveVel_B,-100
CurveVel_B/data46.npy,CurveVel_B/model46.npy,CurveVel_B,-100
CurveVel_B/data47.npy,CurveVel_B/model47.npy,CurveVel_B,-100
CurveVel_B/data48.npy,CurveVel_B/model48.npy,CurveVel_B,-100
CurveVel_B/data49.npy,CurveVel_B/model49.npy,CurveVel_B,-100
CurveVel_B/data5.npy,CurveVel_B/model5.npy,CurveVel_B,-100
CurveVel_B/data50.npy,CurveVel_B/model50.npy,CurveVel_B,-100
CurveVel_B/data51.npy,CurveVel_B/model51.npy,CurveVel_B,-100
CurveVel_B/data52.npy,CurveVel_B/model52.npy,CurveVel_B,-100
CurveVel_B/data53.npy,CurveVel_B/model53.npy,CurveVel_B,-100
CurveVel_B/data54.npy,CurveVel_B/model54.npy,CurveVel_B,-100
CurveVel_B/data55.npy,CurveVel_B/model55.npy,CurveVel_B,-100
CurveVel_B/data56.npy,CurveVel_B/model56.npy,CurveVel_B,-100
CurveVel_B/data57.npy,CurveVel_B/model57.npy,CurveVel_B,-100
CurveVel_B/data58.npy,CurveVel_B/model58.npy,CurveVel_B,-100
CurveVel_B/data59.npy,CurveVel_B/model59.npy,CurveVel_B,-100
CurveVel_B/data6.npy,CurveVel_B/model6.npy,CurveVel_B,-100
CurveVel_B/data60.npy,CurveVel_B/model60.npy,CurveVel_B,-100
CurveVel_B/data7.npy,CurveVel_B/model7.npy,CurveVel_B,-100
CurveVel_B/data8.npy,CurveVel_B/model8.npy,CurveVel_B,-100
CurveVel_B/data9.npy,CurveVel_B/model9.npy,CurveVel_B,-100
FlatFault_A/seis2_1_0.npy,FlatFault_A/vel2_1_0.npy,FlatFault_A,0
FlatFault_A/seis2_1_1.npy,FlatFault_A/vel2_1_1.npy,FlatFault_A,0
FlatFault_A/seis2_1_10.npy,FlatFault_A/vel2_1_10.npy,FlatFault_A,-100
FlatFault_A/seis2_1_11.npy,FlatFault_A/vel2_1_11.npy,FlatFault_A,-100
FlatFault_A/seis2_1_12.npy,FlatFault_A/vel2_1_12.npy,FlatFault_A,-100
FlatFault_A/seis2_1_13.npy,FlatFault_A/vel2_1_13.npy,FlatFault_A,-100
FlatFault_A/seis2_1_14.npy,FlatFault_A/vel2_1_14.npy,FlatFault_A,-100
FlatFault_A/seis2_1_15.npy,FlatFault_A/vel2_1_15.npy,FlatFault_A,-100
FlatFault_A/seis2_1_16.npy,FlatFault_A/vel2_1_16.npy,FlatFault_A,-100
FlatFault_A/seis2_1_17.npy,FlatFault_A/vel2_1_17.npy,FlatFault_A,-100
FlatFault_A/seis2_1_18.npy,FlatFault_A/vel2_1_18.npy,FlatFault_A,-100
FlatFault_A/seis2_1_19.npy,FlatFault_A/vel2_1_19.npy,FlatFault_A,-100
FlatFault_A/seis2_1_2.npy,FlatFault_A/vel2_1_2.npy,FlatFault_A,-100
FlatFault_A/seis2_1_20.npy,FlatFault_A/vel2_1_20.npy,FlatFault_A,-100
FlatFault_A/seis2_1_21.npy,FlatFault_A/vel2_1_21.npy,FlatFault_A,-100
FlatFault_A/seis2_1_22.npy,FlatFault_A/vel2_1_22.npy,FlatFault_A,-100
FlatFault_A/seis2_1_23.npy,FlatFault_A/vel2_1_23.npy,FlatFault_A,-100
FlatFault_A/seis2_1_24.npy,FlatFault_A/vel2_1_24.npy,FlatFault_A,-100
FlatFault_A/seis2_1_25.npy,FlatFault_A/vel2_1_25.npy,FlatFault_A,-100
FlatFault_A/seis2_1_26.npy,FlatFault_A/vel2_1_26.npy,FlatFault_A,-100
FlatFault_A/seis2_1_27.npy,FlatFault_A/vel2_1_27.npy,FlatFault_A,-100
FlatFault_A/seis2_1_28.npy,FlatFault_A/vel2_1_28.npy,FlatFault_A,-100
FlatFault_A/seis2_1_29.npy,FlatFault_A/vel2_1_29.npy,FlatFault_A,-100
FlatFault_A/seis2_1_3.npy,FlatFault_A/vel2_1_3.npy,FlatFault_A,-100
FlatFault_A/seis2_1_30.npy,FlatFault_A/vel2_1_30.npy,FlatFault_A,-100
FlatFault_A/seis2_1_31.npy,FlatFault_A/vel2_1_31.npy,FlatFault_A,-100
FlatFault_A/seis2_1_32.npy,FlatFault_A/vel2_1_32.npy,FlatFault_A,-100
FlatFault_A/seis2_1_33.npy,FlatFault_A/vel2_1_33.npy,FlatFault_A,-100
FlatFault_A/seis2_1_34.npy,FlatFault_A/vel2_1_34.npy,FlatFault_A,-100
FlatFault_A/seis2_1_35.npy,FlatFault_A/vel2_1_35.npy,FlatFault_A,-100
FlatFault_A/seis2_1_4.npy,FlatFault_A/vel2_1_4.npy,FlatFault_A,-100
FlatFault_A/seis2_1_5.npy,FlatFault_A/vel2_1_5.npy,FlatFault_A,-100
FlatFault_A/seis2_1_6.npy,FlatFault_A/vel2_1_6.npy,FlatFault_A,-100
FlatFault_A/seis2_1_7.npy,FlatFault_A/vel2_1_7.npy,FlatFault_A,-100
FlatFault_A/seis2_1_8.npy,FlatFault_A/vel2_1_8.npy,FlatFault_A,-100
FlatFault_A/seis2_1_9.npy,FlatFault_A/vel2_1_9.npy,FlatFault_A,-100
FlatFault_A/seis3_1_0.npy,FlatFault_A/vel3_1_0.npy,FlatFault_A,-100
FlatFault_A/seis3_1_1.npy,FlatFault_A/vel3_1_1.npy,FlatFault_A,-100
FlatFault_A/seis3_1_10.npy,FlatFault_A/vel3_1_10.npy,FlatFault_A,-100
FlatFault_A/seis3_1_11.npy,FlatFault_A/vel3_1_11.npy,FlatFault_A,-100
FlatFault_A/seis3_1_12.npy,FlatFault_A/vel3_1_12.npy,FlatFault_A,-100
FlatFault_A/seis3_1_13.npy,FlatFault_A/vel3_1_13.npy,FlatFault_A,-100
FlatFault_A/seis3_1_14.npy,FlatFault_A/vel3_1_14.npy,FlatFault_A,-100
FlatFault_A/seis3_1_15.npy,FlatFault_A/vel3_1_15.npy,FlatFault_A,-100
FlatFault_A/seis3_1_16.npy,FlatFault_A/vel3_1_16.npy,FlatFault_A,-100
FlatFault_A/seis3_1_17.npy,FlatFault_A/vel3_1_17.npy,FlatFault_A,-100
FlatFault_A/seis3_1_18.npy,FlatFault_A/vel3_1_18.npy,FlatFault_A,-100
FlatFault_A/seis3_1_19.npy,FlatFault_A/vel3_1_19.npy,FlatFault_A,-100
FlatFault_A/seis3_1_2.npy,FlatFault_A/vel3_1_2.npy,FlatFault_A,-100
FlatFault_A/seis3_1_20.npy,FlatFault_A/vel3_1_20.npy,FlatFault_A,-100
FlatFault_A/seis3_1_21.npy,FlatFault_A/vel3_1_21.npy,FlatFault_A,-100
FlatFault_A/seis3_1_22.npy,FlatFault_A/vel3_1_22.npy,FlatFault_A,-100
FlatFault_A/seis3_1_23.npy,FlatFault_A/vel3_1_23.npy,FlatFault_A,-100
FlatFault_A/seis3_1_24.npy,FlatFault_A/vel3_1_24.npy,FlatFault_A,-100
FlatFault_A/seis3_1_25.npy,FlatFault_A/vel3_1_25.npy,FlatFault_A,-100
FlatFault_A/seis3_1_26.npy,FlatFault_A/vel3_1_26.npy,FlatFault_A,-100
FlatFault_A/seis3_1_27.npy,FlatFault_A/vel3_1_27.npy,FlatFault_A,-100
FlatFault_A/seis3_1_28.npy,FlatFault_A/vel3_1_28.npy,FlatFault_A,-100
FlatFault_A/seis3_1_29.npy,FlatFault_A/vel3_1_29.npy,FlatFault_A,-100
FlatFault_A/seis3_1_3.npy,FlatFault_A/vel3_1_3.npy,FlatFault_A,-100
FlatFault_A/seis3_1_30.npy,FlatFault_A/vel3_1_30.npy,FlatFault_A,-100
FlatFault_A/seis3_1_31.npy,FlatFault_A/vel3_1_31.npy,FlatFault_A,-100
FlatFault_A/seis3_1_32.npy,FlatFault_A/vel3_1_32.npy,FlatFault_A,-100
FlatFault_A/seis3_1_33.npy,FlatFault_A/vel3_1_33.npy,FlatFault_A,-100
FlatFault_A/seis3_1_34.npy,FlatFault_A/vel3_1_34.npy,FlatFault_A,-100
FlatFault_A/seis3_1_35.npy,FlatFault_A/vel3_1_35.npy,FlatFault_A,-100
FlatFault_A/seis3_1_4.npy,FlatFault_A/vel3_1_4.npy,FlatFault_A,-100
FlatFault_A/seis3_1_5.npy,FlatFault_A/vel3_1_5.npy,FlatFault_A,-100
FlatFault_A/seis3_1_6.npy,FlatFault_A/vel3_1_6.npy,FlatFault_A,-100
FlatFault_A/seis3_1_7.npy,FlatFault_A/vel3_1_7.npy,FlatFault_A,-100
FlatFault_A/seis3_1_8.npy,FlatFault_A/vel3_1_8.npy,FlatFault_A,-100
FlatFault_A/seis3_1_9.npy,FlatFault_A/vel3_1_9.npy,FlatFault_A,-100
FlatFault_A/seis4_1_0.npy,FlatFault_A/vel4_1_0.npy,FlatFault_A,-100
FlatFault_A/seis4_1_1.npy,FlatFault_A/vel4_1_1.npy,FlatFault_A,-100
FlatFault_A/seis4_1_10.npy,FlatFault_A/vel4_1_10.npy,FlatFault_A,-100
FlatFault_A/seis4_1_11.npy,FlatFault_A/vel4_1_11.npy,FlatFault_A,-100
FlatFault_A/seis4_1_12.npy,FlatFault_A/vel4_1_12.npy,FlatFault_A,-100
FlatFault_A/seis4_1_13.npy,FlatFault_A/vel4_1_13.npy,FlatFault_A,-100
FlatFault_A/seis4_1_14.npy,FlatFault_A/vel4_1_14.npy,FlatFault_A,-100
FlatFault_A/seis4_1_15.npy,FlatFault_A/vel4_1_15.npy,FlatFault_A,-100
FlatFault_A/seis4_1_16.npy,FlatFault_A/vel4_1_16.npy,FlatFault_A,-100
FlatFault_A/seis4_1_17.npy,FlatFault_A/vel4_1_17.npy,FlatFault_A,-100
FlatFault_A/seis4_1_18.npy,FlatFault_A/vel4_1_18.npy,FlatFault_A,-100
FlatFault_A/seis4_1_19.npy,FlatFault_A/vel4_1_19.npy,FlatFault_A,-100
FlatFault_A/seis4_1_2.npy,FlatFault_A/vel4_1_2.npy,FlatFault_A,-100
FlatFault_A/seis4_1_20.npy,FlatFault_A/vel4_1_20.npy,FlatFault_A,-100
FlatFault_A/seis4_1_21.npy,FlatFault_A/vel4_1_21.npy,FlatFault_A,-100
FlatFault_A/seis4_1_22.npy,FlatFault_A/vel4_1_22.npy,FlatFault_A,-100
FlatFault_A/seis4_1_23.npy,FlatFault_A/vel4_1_23.npy,FlatFault_A,-100
FlatFault_A/seis4_1_24.npy,FlatFault_A/vel4_1_24.npy,FlatFault_A,-100
FlatFault_A/seis4_1_25.npy,FlatFault_A/vel4_1_25.npy,FlatFault_A,-100
FlatFault_A/seis4_1_26.npy,FlatFault_A/vel4_1_26.npy,FlatFault_A,-100
FlatFault_A/seis4_1_27.npy,FlatFault_A/vel4_1_27.npy,FlatFault_A,-100
FlatFault_A/seis4_1_28.npy,FlatFault_A/vel4_1_28.npy,FlatFault_A,-100
FlatFault_A/seis4_1_29.npy,FlatFault_A/vel4_1_29.npy,FlatFault_A,-100
FlatFault_A/seis4_1_3.npy,FlatFault_A/vel4_1_3.npy,FlatFault_A,-100
FlatFault_A/seis4_1_30.npy,FlatFault_A/vel4_1_30.npy,FlatFault_A,-100
FlatFault_A/seis4_1_31.npy,FlatFault_A/vel4_1_31.npy,FlatFault_A,-100
FlatFault_A/seis4_1_32.npy,FlatFault_A/vel4_1_32.npy,FlatFault_A,-100
FlatFault_A/seis4_1_33.npy,FlatFault_A/vel4_1_33.npy,FlatFault_A,-100
FlatFault_A/seis4_1_34.npy,FlatFault_A/vel4_1_34.npy,FlatFault_A,-100
FlatFault_A/seis4_1_35.npy,FlatFault_A/vel4_1_35.npy,FlatFault_A,-100
FlatFault_A/seis4_1_4.npy,FlatFault_A/vel4_1_4.npy,FlatFault_A,-100
FlatFault_A/seis4_1_5.npy,FlatFault_A/vel4_1_5.npy,FlatFault_A,-100
FlatFault_A/seis4_1_6.npy,FlatFault_A/vel4_1_6.npy,FlatFault_A,-100
FlatFault_A/seis4_1_7.npy,FlatFault_A/vel4_1_7.npy,FlatFault_A,-100
FlatFault_A/seis4_1_8.npy,FlatFault_A/vel4_1_8.npy,FlatFault_A,-100
FlatFault_A/seis4_1_9.npy,FlatFault_A/vel4_1_9.npy,FlatFault_A,-100
FlatFault_B/seis6_1_0.npy,FlatFault_B/vel6_1_0.npy,FlatFault_B,0
FlatFault_B/seis6_1_1.npy,FlatFault_B/vel6_1_1.npy,FlatFault_B,0
FlatFault_B/seis6_1_10.npy,FlatFault_B/vel6_1_10.npy,FlatFault_B,-100
FlatFault_B/seis6_1_11.npy,FlatFault_B/vel6_1_11.npy,FlatFault_B,-100
FlatFault_B/seis6_1_12.npy,FlatFault_B/vel6_1_12.npy,FlatFault_B,-100
FlatFault_B/seis6_1_13.npy,FlatFault_B/vel6_1_13.npy,FlatFault_B,-100
FlatFault_B/seis6_1_14.npy,FlatFault_B/vel6_1_14.npy,FlatFault_B,-100
FlatFault_B/seis6_1_15.npy,FlatFault_B/vel6_1_15.npy,FlatFault_B,-100
FlatFault_B/seis6_1_16.npy,FlatFault_B/vel6_1_16.npy,FlatFault_B,-100
FlatFault_B/seis6_1_17.npy,FlatFault_B/vel6_1_17.npy,FlatFault_B,-100
FlatFault_B/seis6_1_18.npy,FlatFault_B/vel6_1_18.npy,FlatFault_B,-100
FlatFault_B/seis6_1_19.npy,FlatFault_B/vel6_1_19.npy,FlatFault_B,-100
FlatFault_B/seis6_1_2.npy,FlatFault_B/vel6_1_2.npy,FlatFault_B,-100
FlatFault_B/seis6_1_20.npy,FlatFault_B/vel6_1_20.npy,FlatFault_B,-100
FlatFault_B/seis6_1_21.npy,FlatFault_B/vel6_1_21.npy,FlatFault_B,-100
FlatFault_B/seis6_1_22.npy,FlatFault_B/vel6_1_22.npy,FlatFault_B,-100
FlatFault_B/seis6_1_23.npy,FlatFault_B/vel6_1_23.npy,FlatFault_B,-100
FlatFault_B/seis6_1_24.npy,FlatFault_B/vel6_1_24.npy,FlatFault_B,-100
FlatFault_B/seis6_1_25.npy,FlatFault_B/vel6_1_25.npy,FlatFault_B,-100
FlatFault_B/seis6_1_26.npy,FlatFault_B/vel6_1_26.npy,FlatFault_B,-100
FlatFault_B/seis6_1_27.npy,FlatFault_B/vel6_1_27.npy,FlatFault_B,-100
FlatFault_B/seis6_1_28.npy,FlatFault_B/vel6_1_28.npy,FlatFault_B,-100
FlatFault_B/seis6_1_29.npy,FlatFault_B/vel6_1_29.npy,FlatFault_B,-100
FlatFault_B/seis6_1_3.npy,FlatFault_B/vel6_1_3.npy,FlatFault_B,-100
FlatFault_B/seis6_1_30.npy,FlatFault_B/vel6_1_30.npy,FlatFault_B,-100
FlatFault_B/seis6_1_31.npy,FlatFault_B/vel6_1_31.npy,FlatFault_B,-100
FlatFault_B/seis6_1_32.npy,FlatFault_B/vel6_1_32.npy,FlatFault_B,-100
FlatFault_B/seis6_1_33.npy,FlatFault_B/vel6_1_33.npy,FlatFault_B,-100
FlatFault_B/seis6_1_34.npy,FlatFault_B/vel6_1_34.npy,FlatFault_B,-100
FlatFault_B/seis6_1_35.npy,FlatFault_B/vel6_1_35.npy,FlatFault_B,-100
FlatFault_B/seis6_1_4.npy,FlatFault_B/vel6_1_4.npy,FlatFault_B,-100
FlatFault_B/seis6_1_5.npy,FlatFault_B/vel6_1_5.npy,FlatFault_B,-100
FlatFault_B/seis6_1_6.npy,FlatFault_B/vel6_1_6.npy,FlatFault_B,-100
FlatFault_B/seis6_1_7.npy,FlatFault_B/vel6_1_7.npy,FlatFault_B,-100
FlatFault_B/seis6_1_8.npy,FlatFault_B/vel6_1_8.npy,FlatFault_B,-100
FlatFault_B/seis6_1_9.npy,FlatFault_B/vel6_1_9.npy,FlatFault_B,-100
FlatFault_B/seis7_1_0.npy,FlatFault_B/vel7_1_0.npy,FlatFault_B,-100
FlatFault_B/seis7_1_1.npy,FlatFault_B/vel7_1_1.npy,FlatFault_B,-100
FlatFault_B/seis7_1_10.npy,FlatFault_B/vel7_1_10.npy,FlatFault_B,-100
FlatFault_B/seis7_1_11.npy,FlatFault_B/vel7_1_11.npy,FlatFault_B,-100
FlatFault_B/seis7_1_12.npy,FlatFault_B/vel7_1_12.npy,FlatFault_B,-100
FlatFault_B/seis7_1_13.npy,FlatFault_B/vel7_1_13.npy,FlatFault_B,-100
FlatFault_B/seis7_1_14.npy,FlatFault_B/vel7_1_14.npy,FlatFault_B,-100
FlatFault_B/seis7_1_15.npy,FlatFault_B/vel7_1_15.npy,FlatFault_B,-100
FlatFault_B/seis7_1_16.npy,FlatFault_B/vel7_1_16.npy,FlatFault_B,-100
FlatFault_B/seis7_1_17.npy,FlatFault_B/vel7_1_17.npy,FlatFault_B,-100
FlatFault_B/seis7_1_18.npy,FlatFault_B/vel7_1_18.npy,FlatFault_B,-100
FlatFault_B/seis7_1_19.npy,FlatFault_B/vel7_1_19.npy,FlatFault_B,-100
FlatFault_B/seis7_1_2.npy,FlatFault_B/vel7_1_2.npy,FlatFault_B,-100
FlatFault_B/seis7_1_20.npy,FlatFault_B/vel7_1_20.npy,FlatFault_B,-100
FlatFault_B/seis7_1_21.npy,FlatFault_B/vel7_1_21.npy,FlatFault_B,-100
FlatFault_B/seis7_1_22.npy,FlatFault_B/vel7_1_22.npy,FlatFault_B,-100
FlatFault_B/seis7_1_23.npy,FlatFault_B/vel7_1_23.npy,FlatFault_B,-100
FlatFault_B/seis7_1_24.npy,FlatFault_B/vel7_1_24.npy,FlatFault_B,-100
FlatFault_B/seis7_1_25.npy,FlatFault_B/vel7_1_25.npy,FlatFault_B,-100
FlatFault_B/seis7_1_26.npy,FlatFault_B/vel7_1_26.npy,FlatFault_B,-100
FlatFault_B/seis7_1_27.npy,FlatFault_B/vel7_1_27.npy,FlatFault_B,-100
FlatFault_B/seis7_1_28.npy,FlatFault_B/vel7_1_28.npy,FlatFault_B,-100
FlatFault_B/seis7_1_29.npy,FlatFault_B/vel7_1_29.npy,FlatFault_B,-100
FlatFault_B/seis7_1_3.npy,FlatFault_B/vel7_1_3.npy,FlatFault_B,-100
FlatFault_B/seis7_1_30.npy,FlatFault_B/vel7_1_30.npy,FlatFault_B,-100
FlatFault_B/seis7_1_31.npy,FlatFault_B/vel7_1_31.npy,FlatFault_B,-100
FlatFault_B/seis7_1_32.npy,FlatFault_B/vel7_1_32.npy,FlatFault_B,-100
FlatFault_B/seis7_1_33.npy,FlatFault_B/vel7_1_33.npy,FlatFault_B,-100
FlatFault_B/seis7_1_34.npy,FlatFault_B/vel7_1_34.npy,FlatFault_B,-100
FlatFault_B/seis7_1_35.npy,FlatFault_B/vel7_1_35.npy,FlatFault_B,-100
FlatFault_B/seis7_1_4.npy,FlatFault_B/vel7_1_4.npy,FlatFault_B,-100
FlatFault_B/seis7_1_5.npy,FlatFault_B/vel7_1_5.npy,FlatFault_B,-100
FlatFault_B/seis7_1_6.npy,FlatFault_B/vel7_1_6.npy,FlatFault_B,-100
FlatFault_B/seis7_1_7.npy,FlatFault_B/vel7_1_7.npy,FlatFault_B,-100
FlatFault_B/seis7_1_8.npy,FlatFault_B/vel7_1_8.npy,FlatFault_B,-100
FlatFault_B/seis7_1_9.npy,FlatFault_B/vel7_1_9.npy,FlatFault_B,-100
FlatFault_B/seis8_1_0.npy,FlatFault_B/vel8_1_0.npy,FlatFault_B,-100
FlatFault_B/seis8_1_1.npy,FlatFault_B/vel8_1_1.npy,FlatFault_B,-100
FlatFault_B/seis8_1_10.npy,FlatFault_B/vel8_1_10.npy,FlatFault_B,-100
FlatFault_B/seis8_1_11.npy,FlatFault_B/vel8_1_11.npy,FlatFault_B,-100
FlatFault_B/seis8_1_12.npy,FlatFault_B/vel8_1_12.npy,FlatFault_B,-100
FlatFault_B/seis8_1_13.npy,FlatFault_B/vel8_1_13.npy,FlatFault_B,-100
FlatFault_B/seis8_1_14.npy,FlatFault_B/vel8_1_14.npy,FlatFault_B,-100
FlatFault_B/seis8_1_15.npy,FlatFault_B/vel8_1_15.npy,FlatFault_B,-100
FlatFault_B/seis8_1_16.npy,FlatFault_B/vel8_1_16.npy,FlatFault_B,-100
FlatFault_B/seis8_1_17.npy,FlatFault_B/vel8_1_17.npy,FlatFault_B,-100
FlatFault_B/seis8_1_18.npy,FlatFault_B/vel8_1_18.npy,FlatFault_B,-100
FlatFault_B/seis8_1_19.npy,FlatFault_B/vel8_1_19.npy,FlatFault_B,-100
FlatFault_B/seis8_1_2.npy,FlatFault_B/vel8_1_2.npy,FlatFault_B,-100
FlatFault_B/seis8_1_20.npy,FlatFault_B/vel8_1_20.npy,FlatFault_B,-100
FlatFault_B/seis8_1_21.npy,FlatFault_B/vel8_1_21.npy,FlatFault_B,-100
FlatFault_B/seis8_1_22.npy,FlatFault_B/vel8_1_22.npy,FlatFault_B,-100
FlatFault_B/seis8_1_23.npy,FlatFault_B/vel8_1_23.npy,FlatFault_B,-100
FlatFault_B/seis8_1_24.npy,FlatFault_B/vel8_1_24.npy,FlatFault_B,-100
FlatFault_B/seis8_1_25.npy,FlatFault_B/vel8_1_25.npy,FlatFault_B,-100
FlatFault_B/seis8_1_26.npy,FlatFault_B/vel8_1_26.npy,FlatFault_B,-100
FlatFault_B/seis8_1_27.npy,FlatFault_B/vel8_1_27.npy,FlatFault_B,-100
FlatFault_B/seis8_1_28.npy,FlatFault_B/vel8_1_28.npy,FlatFault_B,-100
FlatFault_B/seis8_1_29.npy,FlatFault_B/vel8_1_29.npy,FlatFault_B,-100
FlatFault_B/seis8_1_3.npy,FlatFault_B/vel8_1_3.npy,FlatFault_B,-100
FlatFault_B/seis8_1_30.npy,FlatFault_B/vel8_1_30.npy,FlatFault_B,-100
FlatFault_B/seis8_1_31.npy,FlatFault_B/vel8_1_31.npy,FlatFault_B,-100
FlatFault_B/seis8_1_32.npy,FlatFault_B/vel8_1_32.npy,FlatFault_B,-100
FlatFault_B/seis8_1_33.npy,FlatFault_B/vel8_1_33.npy,FlatFault_B,-100
FlatFault_B/seis8_1_34.npy,FlatFault_B/vel8_1_34.npy,FlatFault_B,-100
FlatFault_B/seis8_1_35.npy,FlatFault_B/vel8_1_35.npy,FlatFault_B,-100
FlatFault_B/seis8_1_4.npy,FlatFault_B/vel8_1_4.npy,FlatFault_B,-100
FlatFault_B/seis8_1_5.npy,FlatFault_B/vel8_1_5.npy,FlatFault_B,-100
FlatFault_B/seis8_1_6.npy,FlatFault_B/vel8_1_6.npy,FlatFault_B,-100
FlatFault_B/seis8_1_7.npy,FlatFault_B/vel8_1_7.npy,FlatFault_B,-100
FlatFault_B/seis8_1_8.npy,FlatFault_B/vel8_1_8.npy,FlatFault_B,-100
FlatFault_B/seis8_1_9.npy,FlatFault_B/vel8_1_9.npy,FlatFault_B,-100
FlatVel_A/data1.npy,FlatVel_A/model1.npy,FlatVel_A,0
FlatVel_A/data10.npy,FlatVel_A/model10.npy,FlatVel_A,0
FlatVel_A/data11.npy,FlatVel_A/model11.npy,FlatVel_A,-100
FlatVel_A/data12.npy,FlatVel_A/model12.npy,FlatVel_A,-100
FlatVel_A/data13.npy,FlatVel_A/model13.npy,FlatVel_A,-100
FlatVel_A/data14.npy,FlatVel_A/model14.npy,FlatVel_A,-100
FlatVel_A/data15.npy,FlatVel_A/model15.npy,FlatVel_A,-100
FlatVel_A/data16.npy,FlatVel_A/model16.npy,FlatVel_A,-100
FlatVel_A/data17.npy,FlatVel_A/model17.npy,FlatVel_A,-100
FlatVel_A/data18.npy,FlatVel_A/model18.npy,FlatVel_A,-100
FlatVel_A/data19.npy,FlatVel_A/model19.npy,FlatVel_A,-100
FlatVel_A/data2.npy,FlatVel_A/model2.npy,FlatVel_A,-100
FlatVel_A/data20.npy,FlatVel_A/model20.npy,FlatVel_A,-100
FlatVel_A/data21.npy,FlatVel_A/model21.npy,FlatVel_A,-100
FlatVel_A/data22.npy,FlatVel_A/model22.npy,FlatVel_A,-100
FlatVel_A/data23.npy,FlatVel_A/model23.npy,FlatVel_A,-100
FlatVel_A/data24.npy,FlatVel_A/model24.npy,FlatVel_A,-100
FlatVel_A/data25.npy,FlatVel_A/model25.npy,FlatVel_A,-100
FlatVel_A/data26.npy,FlatVel_A/model26.npy,FlatVel_A,-100
FlatVel_A/data27.npy,FlatVel_A/model27.npy,FlatVel_A,-100
FlatVel_A/data28.npy,FlatVel_A/model28.npy,FlatVel_A,-100
FlatVel_A/data29.npy,FlatVel_A/model29.npy,FlatVel_A,-100
FlatVel_A/data3.npy,FlatVel_A/model3.npy,FlatVel_A,-100
FlatVel_A/data30.npy,FlatVel_A/model30.npy,FlatVel_A,-100
FlatVel_A/data31.npy,FlatVel_A/model31.npy,FlatVel_A,-100
FlatVel_A/data32.npy,FlatVel_A/model32.npy,FlatVel_A,-100
FlatVel_A/data33.npy,FlatVel_A/model33.npy,FlatVel_A,-100
FlatVel_A/data34.npy,FlatVel_A/model34.npy,FlatVel_A,-100
FlatVel_A/data35.npy,FlatVel_A/model35.npy,FlatVel_A,-100
FlatVel_A/data36.npy,FlatVel_A/model36.npy,FlatVel_A,-100
FlatVel_A/data37.npy,FlatVel_A/model37.npy,FlatVel_A,-100
FlatVel_A/data38.npy,FlatVel_A/model38.npy,FlatVel_A,-100
FlatVel_A/data39.npy,FlatVel_A/model39.npy,FlatVel_A,-100
FlatVel_A/data4.npy,FlatVel_A/model4.npy,FlatVel_A,-100
FlatVel_A/data40.npy,FlatVel_A/model40.npy,FlatVel_A,-100
FlatVel_A/data41.npy,FlatVel_A/model41.npy,FlatVel_A,-100
FlatVel_A/data42.npy,FlatVel_A/model42.npy,FlatVel_A,-100
FlatVel_A/data43.npy,FlatVel_A/model43.npy,FlatVel_A,-100
FlatVel_A/data44.npy,FlatVel_A/model44.npy,FlatVel_A,-100
FlatVel_A/data45.npy,FlatVel_A/model45.npy,FlatVel_A,-100
FlatVel_A/data46.npy,FlatVel_A/model46.npy,FlatVel_A,-100
FlatVel_A/data47.npy,FlatVel_A/model47.npy,FlatVel_A,-100
FlatVel_A/data48.npy,FlatVel_A/model48.npy,FlatVel_A,-100
FlatVel_A/data49.npy,FlatVel_A/model49.npy,FlatVel_A,-100
FlatVel_A/data5.npy,FlatVel_A/model5.npy,FlatVel_A,-100
FlatVel_A/data50.npy,FlatVel_A/model50.npy,FlatVel_A,-100
FlatVel_A/data51.npy,FlatVel_A/model51.npy,FlatVel_A,-100
FlatVel_A/data52.npy,FlatVel_A/model52.npy,FlatVel_A,-100
FlatVel_A/data53.npy,FlatVel_A/model53.npy,FlatVel_A,-100
FlatVel_A/data54.npy,FlatVel_A/model54.npy,FlatVel_A,-100
FlatVel_A/data55.npy,FlatVel_A/model55.npy,FlatVel_A,-100
FlatVel_A/data56.npy,FlatVel_A/model56.npy,FlatVel_A,-100
FlatVel_A/data57.npy,FlatVel_A/model57.npy,FlatVel_A,-100
FlatVel_A/data58.npy,FlatVel_A/model58.npy,FlatVel_A,-100
FlatVel_A/data59.npy,FlatVel_A/model59.npy,FlatVel_A,-100
FlatVel_A/data6.npy,FlatVel_A/model6.npy,FlatVel_A,-100
FlatVel_A/data60.npy,FlatVel_A/model60.npy,FlatVel_A,-100
FlatVel_A/data7.npy,FlatVel_A/model7.npy,FlatVel_A,-100
FlatVel_A/data8.npy,FlatVel_A/model8.npy,FlatVel_A,-100
FlatVel_A/data9.npy,FlatVel_A/model9.npy,FlatVel_A,-100
FlatVel_B/data1.npy,FlatVel_B/model1.npy,FlatVel_B,0
FlatVel_B/data10.npy,FlatVel_B/model10.npy,FlatVel_B,0
FlatVel_B/data11.npy,FlatVel_B/model11.npy,FlatVel_B,-100
FlatVel_B/data12.npy,FlatVel_B/model12.npy,FlatVel_B,-100
FlatVel_B/data13.npy,FlatVel_B/model13.npy,FlatVel_B,-100
FlatVel_B/data14.npy,FlatVel_B/model14.npy,FlatVel_B,-100
FlatVel_B/data15.npy,FlatVel_B/model15.npy,FlatVel_B,-100
FlatVel_B/data16.npy,FlatVel_B/model16.npy,FlatVel_B,-100
FlatVel_B/data17.npy,FlatVel_B/model17.npy,FlatVel_B,-100
FlatVel_B/data18.npy,FlatVel_B/model18.npy,FlatVel_B,-100
FlatVel_B/data19.npy,FlatVel_B/model19.npy,FlatVel_B,-100
FlatVel_B/data2.npy,FlatVel_B/model2.npy,FlatVel_B,-100
FlatVel_B/data20.npy,FlatVel_B/model20.npy,FlatVel_B,-100
FlatVel_B/data21.npy,FlatVel_B/model21.npy,FlatVel_B,-100
FlatVel_B/data22.npy,FlatVel_B/model22.npy,FlatVel_B,-100
FlatVel_B/data23.npy,FlatVel_B/model23.npy,FlatVel_B,-100
FlatVel_B/data24.npy,FlatVel_B/model24.npy,FlatVel_B,-100
FlatVel_B/data25.npy,FlatVel_B/model25.npy,FlatVel_B,-100
FlatVel_B/data26.npy,FlatVel_B/model26.npy,FlatVel_B,-100
FlatVel_B/data27.npy,FlatVel_B/model27.npy,FlatVel_B,-100
FlatVel_B/data28.npy,FlatVel_B/model28.npy,FlatVel_B,-100
FlatVel_B/data29.npy,FlatVel_B/model29.npy,FlatVel_B,-100
FlatVel_B/data3.npy,FlatVel_B/model3.npy,FlatVel_B,-100
FlatVel_B/data30.npy,FlatVel_B/model30.npy,FlatVel_B,-100
FlatVel_B/data31.npy,FlatVel_B/model31.npy,FlatVel_B,-100
FlatVel_B/data32.npy,FlatVel_B/model32.npy,FlatVel_B,-100
FlatVel_B/data33.npy,FlatVel_B/model33.npy,FlatVel_B,-100
FlatVel_B/data34.npy,FlatVel_B/model34.npy,FlatVel_B,-100
FlatVel_B/data35.npy,FlatVel_B/model35.npy,FlatVel_B,-100
FlatVel_B/data36.npy,FlatVel_B/model36.npy,FlatVel_B,-100
FlatVel_B/data37.npy,FlatVel_B/model37.npy,FlatVel_B,-100
FlatVel_B/data38.npy,FlatVel_B/model38.npy,FlatVel_B,-100
FlatVel_B/data39.npy,FlatVel_B/model39.npy,FlatVel_B,-100
FlatVel_B/data4.npy,FlatVel_B/model4.npy,FlatVel_B,-100
FlatVel_B/data40.npy,FlatVel_B/model40.npy,FlatVel_B,-100
FlatVel_B/data41.npy,FlatVel_B/model41.npy,FlatVel_B,-100
FlatVel_B/data42.npy,FlatVel_B/model42.npy,FlatVel_B,-100
FlatVel_B/data43.npy,FlatVel_B/model43.npy,FlatVel_B,-100
FlatVel_B/data44.npy,FlatVel_B/model44.npy,FlatVel_B,-100
FlatVel_B/data45.npy,FlatVel_B/model45.npy,FlatVel_B,-100
FlatVel_B/data46.npy,FlatVel_B/model46.npy,FlatVel_B,-100
FlatVel_B/data47.npy,FlatVel_B/model47.npy,FlatVel_B,-100
FlatVel_B/data48.npy,FlatVel_B/model48.npy,FlatVel_B,-100
FlatVel_B/data49.npy,FlatVel_B/model49.npy,FlatVel_B,-100
FlatVel_B/data5.npy,FlatVel_B/model5.npy,FlatVel_B,-100
FlatVel_B/data50.npy,FlatVel_B/model50.npy,FlatVel_B,-100
FlatVel_B/data51.npy,FlatVel_B/model51.npy,FlatVel_B,-100
FlatVel_B/data52.npy,FlatVel_B/model52.npy,FlatVel_B,-100
FlatVel_B/data53.npy,FlatVel_B/model53.npy,FlatVel_B,-100
FlatVel_B/data54.npy,FlatVel_B/model54.npy,FlatVel_B,-100
FlatVel_B/data55.npy,FlatVel_B/model55.npy,FlatVel_B,-100
FlatVel_B/data56.npy,FlatVel_B/model56.npy,FlatVel_B,-100
FlatVel_B/data57.npy,FlatVel_B/model57.npy,FlatVel_B,-100
FlatVel_B/data58.npy,FlatVel_B/model58.npy,FlatVel_B,-100
FlatVel_B/data59.npy,FlatVel_B/model59.npy,FlatVel_B,-100
FlatVel_B/data6.npy,FlatVel_B/model6.npy,FlatVel_B,-100
FlatVel_B/data60.npy,FlatVel_B/model60.npy,FlatVel_B,-100
FlatVel_B/data7.npy,FlatVel_B/model7.npy,FlatVel_B,-100
FlatVel_B/data8.npy,FlatVel_B/model8.npy,FlatVel_B,-100
FlatVel_B/data9.npy,FlatVel_B/model9.npy,FlatVel_B,-100
Style_A/data1.npy,Style_A/model1.npy,Style_A,0
Style_A/data10.npy,Style_A/model10.npy,Style_A,0
Style_A/data100.npy,Style_A/model100.npy,Style_A,-100
Style_A/data101.npy,Style_A/model101.npy,Style_A,-100
Style_A/data102.npy,Style_A/model102.npy,Style_A,-100
Style_A/data103.npy,Style_A/model103.npy,Style_A,-100
Style_A/data104.npy,Style_A/model104.npy,Style_A,-100
Style_A/data105.npy,Style_A/model105.npy,Style_A,-100
Style_A/data106.npy,Style_A/model106.npy,Style_A,-100
Style_A/data107.npy,Style_A/model107.npy,Style_A,-100
Style_A/data108.npy,Style_A/model108.npy,Style_A,-100
Style_A/data109.npy,Style_A/model109.npy,Style_A,-100
Style_A/data11.npy,Style_A/model11.npy,Style_A,-100
Style_A/data110.npy,Style_A/model110.npy,Style_A,-100
Style_A/data111.npy,Style_A/model111.npy,Style_A,-100
Style_A/data112.npy,Style_A/model112.npy,Style_A,-100
Style_A/data113.npy,Style_A/model113.npy,Style_A,-100
Style_A/data114.npy,Style_A/model114.npy,Style_A,-100
Style_A/data115.npy,Style_A/model115.npy,Style_A,-100
Style_A/data116.npy,Style_A/model116.npy,Style_A,-100
Style_A/data117.npy,Style_A/model117.npy,Style_A,-100
Style_A/data118.npy,Style_A/model118.npy,Style_A,-100
Style_A/data119.npy,Style_A/model119.npy,Style_A,-100
Style_A/data12.npy,Style_A/model12.npy,Style_A,-100
Style_A/data120.npy,Style_A/model120.npy,Style_A,-100
Style_A/data121.npy,Style_A/model121.npy,Style_A,-100
Style_A/data122.npy,Style_A/model122.npy,Style_A,-100
Style_A/data123.npy,Style_A/model123.npy,Style_A,-100
Style_A/data124.npy,Style_A/model124.npy,Style_A,-100
Style_A/data125.npy,Style_A/model125.npy,Style_A,-100
Style_A/data126.npy,Style_A/model126.npy,Style_A,-100
Style_A/data127.npy,Style_A/model127.npy,Style_A,-100
Style_A/data128.npy,Style_A/model128.npy,Style_A,-100
Style_A/data129.npy,Style_A/model129.npy,Style_A,-100
Style_A/data13.npy,Style_A/model13.npy,Style_A,-100
Style_A/data130.npy,Style_A/model130.npy,Style_A,-100
Style_A/data131.npy,Style_A/model131.npy,Style_A,-100
Style_A/data132.npy,Style_A/model132.npy,Style_A,-100
Style_A/data133.npy,Style_A/model133.npy,Style_A,-100
Style_A/data134.npy,Style_A/model134.npy,Style_A,-100
Style_A/data14.npy,Style_A/model14.npy,Style_A,-100
Style_A/data15.npy,Style_A/model15.npy,Style_A,-100
Style_A/data16.npy,Style_A/model16.npy,Style_A,-100
Style_A/data17.npy,Style_A/model17.npy,Style_A,-100
Style_A/data18.npy,Style_A/model18.npy,Style_A,-100
Style_A/data19.npy,Style_A/model19.npy,Style_A,-100
Style_A/data2.npy,Style_A/model2.npy,Style_A,-100
Style_A/data20.npy,Style_A/model20.npy,Style_A,-100
Style_A/data21.npy,Style_A/model21.npy,Style_A,-100
Style_A/data22.npy,Style_A/model22.npy,Style_A,-100
Style_A/data23.npy,Style_A/model23.npy,Style_A,-100
Style_A/data24.npy,Style_A/model24.npy,Style_A,-100
Style_A/data25.npy,Style_A/model25.npy,Style_A,-100
Style_A/data26.npy,Style_A/model26.npy,Style_A,-100
Style_A/data27.npy,Style_A/model27.npy,Style_A,-100
Style_A/data28.npy,Style_A/model28.npy,Style_A,-100
Style_A/data29.npy,Style_A/model29.npy,Style_A,-100
Style_A/data3.npy,Style_A/model3.npy,Style_A,-100
Style_A/data30.npy,Style_A/model30.npy,Style_A,-100
Style_A/data31.npy,Style_A/model31.npy,Style_A,-100
Style_A/data32.npy,Style_A/model32.npy,Style_A,-100
Style_A/data33.npy,Style_A/model33.npy,Style_A,-100
Style_A/data34.npy,Style_A/model34.npy,Style_A,-100
Style_A/data35.npy,Style_A/model35.npy,Style_A,-100
Style_A/data36.npy,Style_A/model36.npy,Style_A,-100
Style_A/data37.npy,Style_A/model37.npy,Style_A,-100
Style_A/data38.npy,Style_A/model38.npy,Style_A,-100
Style_A/data39.npy,Style_A/model39.npy,Style_A,-100
Style_A/data4.npy,Style_A/model4.npy,Style_A,-100
Style_A/data40.npy,Style_A/model40.npy,Style_A,-100
Style_A/data41.npy,Style_A/model41.npy,Style_A,-100
Style_A/data42.npy,Style_A/model42.npy,Style_A,-100
Style_A/data43.npy,Style_A/model43.npy,Style_A,-100
Style_A/data44.npy,Style_A/model44.npy,Style_A,-100
Style_A/data45.npy,Style_A/model45.npy,Style_A,-100
Style_A/data46.npy,Style_A/model46.npy,Style_A,-100
Style_A/data47.npy,Style_A/model47.npy,Style_A,-100
Style_A/data48.npy,Style_A/model48.npy,Style_A,-100
Style_A/data49.npy,Style_A/model49.npy,Style_A,-100
Style_A/data5.npy,Style_A/model5.npy,Style_A,-100
Style_A/data50.npy,Style_A/model50.npy,Style_A,-100
Style_A/data51.npy,Style_A/model51.npy,Style_A,-100
Style_A/data52.npy,Style_A/model52.npy,Style_A,-100
Style_A/data53.npy,Style_A/model53.npy,Style_A,-100
Style_A/data54.npy,Style_A/model54.npy,Style_A,-100
Style_A/data55.npy,Style_A/model55.npy,Style_A,-100
Style_A/data56.npy,Style_A/model56.npy,Style_A,-100
Style_A/data57.npy,Style_A/model57.npy,Style_A,-100
Style_A/data58.npy,Style_A/model58.npy,Style_A,-100
Style_A/data59.npy,Style_A/model59.npy,Style_A,-100
Style_A/data6.npy,Style_A/model6.npy,Style_A,-100
Style_A/data60.npy,Style_A/model60.npy,Style_A,-100
Style_A/data61.npy,Style_A/model61.npy,Style_A,-100
Style_A/data62.npy,Style_A/model62.npy,Style_A,-100
Style_A/data63.npy,Style_A/model63.npy,Style_A,-100
Style_A/data64.npy,Style_A/model64.npy,Style_A,-100
Style_A/data65.npy,Style_A/model65.npy,Style_A,-100
Style_A/data66.npy,Style_A/model66.npy,Style_A,-100
Style_A/data67.npy,Style_A/model67.npy,Style_A,-100
Style_A/data68.npy,Style_A/model68.npy,Style_A,-100
Style_A/data69.npy,Style_A/model69.npy,Style_A,-100
Style_A/data7.npy,Style_A/model7.npy,Style_A,-100
Style_A/data70.npy,Style_A/model70.npy,Style_A,-100
Style_A/data71.npy,Style_A/model71.npy,Style_A,-100
Style_A/data72.npy,Style_A/model72.npy,Style_A,-100
Style_A/data73.npy,Style_A/model73.npy,Style_A,-100
Style_A/data74.npy,Style_A/model74.npy,Style_A,-100
Style_A/data75.npy,Style_A/model75.npy,Style_A,-100
Style_A/data76.npy,Style_A/model76.npy,Style_A,-100
Style_A/data77.npy,Style_A/model77.npy,Style_A,-100
Style_A/data78.npy,Style_A/model78.npy,Style_A,-100
Style_A/data79.npy,Style_A/model79.npy,Style_A,-100
Style_A/data8.npy,Style_A/model8.npy,Style_A,-100
Style_A/data80.npy,Style_A/model80.npy,Style_A,-100
Style_A/data81.npy,Style_A/model81.npy,Style_A,-100
Style_A/data82.npy,Style_A/model82.npy,Style_A,-100
Style_A/data83.npy,Style_A/model83.npy,Style_A,-100
Style_A/data84.npy,Style_A/model84.npy,Style_A,-100
Style_A/data85.npy,Style_A/model85.npy,Style_A,-100
Style_A/data86.npy,Style_A/model86.npy,Style_A,-100
Style_A/data87.npy,Style_A/model87.npy,Style_A,-100
Style_A/data88.npy,Style_A/model88.npy,Style_A,-100
Style_A/data89.npy,Style_A/model89.npy,Style_A,-100
Style_A/data9.npy,Style_A/model9.npy,Style_A,-100
Style_A/data90.npy,Style_A/model90.npy,Style_A,-100
Style_A/data91.npy,Style_A/model91.npy,Style_A,-100
Style_A/data92.npy,Style_A/model92.npy,Style_A,-100
Style_A/data93.npy,Style_A/model93.npy,Style_A,-100
Style_A/data94.npy,Style_A/model94.npy,Style_A,-100
Style_A/data95.npy,Style_A/model95.npy,Style_A,-100
Style_A/data96.npy,Style_A/model96.npy,Style_A,-100
Style_A/data97.npy,Style_A/model97.npy,Style_A,-100
Style_A/data98.npy,Style_A/model98.npy,Style_A,-100
Style_A/data99.npy,Style_A/model99.npy,Style_A,-100
Style_B/data1.npy,Style_B/model1.npy,Style_B,0
Style_B/data10.npy,Style_B/model10.npy,Style_B,0
Style_B/data100.npy,Style_B/model100.npy,Style_B,-100
Style_B/data101.npy,Style_B/model101.npy,Style_B,-100
Style_B/data102.npy,Style_B/model102.npy,Style_B,-100
Style_B/data103.npy,Style_B/model103.npy,Style_B,-100
Style_B/data104.npy,Style_B/model104.npy,Style_B,-100
Style_B/data105.npy,Style_B/model105.npy,Style_B,-100
Style_B/data106.npy,Style_B/model106.npy,Style_B,-100
Style_B/data107.npy,Style_B/model107.npy,Style_B,-100
Style_B/data108.npy,Style_B/model108.npy,Style_B,-100
Style_B/data109.npy,Style_B/model109.npy,Style_B,-100
Style_B/data11.npy,Style_B/model11.npy,Style_B,-100
Style_B/data110.npy,Style_B/model110.npy,Style_B,-100
Style_B/data111.npy,Style_B/model111.npy,Style_B,-100
Style_B/data112.npy,Style_B/model112.npy,Style_B,-100
Style_B/data113.npy,Style_B/model113.npy,Style_B,-100
Style_B/data114.npy,Style_B/model114.npy,Style_B,-100
Style_B/data115.npy,Style_B/model115.npy,Style_B,-100
Style_B/data116.npy,Style_B/model116.npy,Style_B,-100
Style_B/data117.npy,Style_B/model117.npy,Style_B,-100
Style_B/data118.npy,Style_B/model118.npy,Style_B,-100
Style_B/data119.npy,Style_B/model119.npy,Style_B,-100
Style_B/data12.npy,Style_B/model12.npy,Style_B,-100
Style_B/data120.npy,Style_B/model120.npy,Style_B,-100
Style_B/data121.npy,Style_B/model121.npy,Style_B,-100
Style_B/data122.npy,Style_B/model122.npy,Style_B,-100
Style_B/data123.npy,Style_B/model123.npy,Style_B,-100
Style_B/data124.npy,Style_B/model124.npy,Style_B,-100
Style_B/data125.npy,Style_B/model125.npy,Style_B,-100
Style_B/data126.npy,Style_B/model126.npy,Style_B,-100
Style_B/data127.npy,Style_B/model127.npy,Style_B,-100
Style_B/data128.npy,Style_B/model128.npy,Style_B,-100
Style_B/data129.npy,Style_B/model129.npy,Style_B,-100
Style_B/data13.npy,Style_B/model13.npy,Style_B,-100
Style_B/data130.npy,Style_B/model130.npy,Style_B,-100
Style_B/data131.npy,Style_B/model131.npy,Style_B,-100
Style_B/data132.npy,Style_B/model132.npy,Style_B,-100
Style_B/data133.npy,Style_B/model133.npy,Style_B,-100
Style_B/data134.npy,Style_B/model134.npy,Style_B,-100
Style_B/data14.npy,Style_B/model14.npy,Style_B,-100
Style_B/data15.npy,Style_B/model15.npy,Style_B,-100
Style_B/data16.npy,Style_B/model16.npy,Style_B,-100
Style_B/data17.npy,Style_B/model17.npy,Style_B,-100
Style_B/data18.npy,Style_B/model18.npy,Style_B,-100
Style_B/data19.npy,Style_B/model19.npy,Style_B,-100
Style_B/data2.npy,Style_B/model2.npy,Style_B,-100
Style_B/data20.npy,Style_B/model20.npy,Style_B,-100
Style_B/data21.npy,Style_B/model21.npy,Style_B,-100
Style_B/data22.npy,Style_B/model22.npy,Style_B,-100
Style_B/data23.npy,Style_B/model23.npy,Style_B,-100
Style_B/data24.npy,Style_B/model24.npy,Style_B,-100
Style_B/data25.npy,Style_B/model25.npy,Style_B,-100
Style_B/data26.npy,Style_B/model26.npy,Style_B,-100
Style_B/data27.npy,Style_B/model27.npy,Style_B,-100
Style_B/data28.npy,Style_B/model28.npy,Style_B,-100
Style_B/data29.npy,Style_B/model29.npy,Style_B,-100
Style_B/data3.npy,Style_B/model3.npy,Style_B,-100
Style_B/data30.npy,Style_B/model30.npy,Style_B,-100
Style_B/data31.npy,Style_B/model31.npy,Style_B,-100
Style_B/data32.npy,Style_B/model32.npy,Style_B,-100
Style_B/data33.npy,Style_B/model33.npy,Style_B,-100
Style_B/data34.npy,Style_B/model34.npy,Style_B,-100
Style_B/data35.npy,Style_B/model35.npy,Style_B,-100
Style_B/data36.npy,Style_B/model36.npy,Style_B,-100
Style_B/data37.npy,Style_B/model37.npy,Style_B,-100
Style_B/data38.npy,Style_B/model38.npy,Style_B,-100
Style_B/data39.npy,Style_B/model39.npy,Style_B,-100
Style_B/data4.npy,Style_B/model4.npy,Style_B,-100
Style_B/data40.npy,Style_B/model40.npy,Style_B,-100
Style_B/data41.npy,Style_B/model41.npy,Style_B,-100
Style_B/data42.npy,Style_B/model42.npy,Style_B,-100
Style_B/data43.npy,Style_B/model43.npy,Style_B,-100
Style_B/data44.npy,Style_B/model44.npy,Style_B,-100
Style_B/data45.npy,Style_B/model45.npy,Style_B,-100
Style_B/data46.npy,Style_B/model46.npy,Style_B,-100
Style_B/data47.npy,Style_B/model47.npy,Style_B,-100
Style_B/data48.npy,Style_B/model48.npy,Style_B,-100
Style_B/data49.npy,Style_B/model49.npy,Style_B,-100
Style_B/data5.npy,Style_B/model5.npy,Style_B,-100
Style_B/data50.npy,Style_B/model50.npy,Style_B,-100
Style_B/data51.npy,Style_B/model51.npy,Style_B,-100
Style_B/data52.npy,Style_B/model52.npy,Style_B,-100
Style_B/data53.npy,Style_B/model53.npy,Style_B,-100
Style_B/data54.npy,Style_B/model54.npy,Style_B,-100
Style_B/data55.npy,Style_B/model55.npy,Style_B,-100
Style_B/data56.npy,Style_B/model56.npy,Style_B,-100
Style_B/data57.npy,Style_B/model57.npy,Style_B,-100
Style_B/data58.npy,Style_B/model58.npy,Style_B,-100
Style_B/data59.npy,Style_B/model59.npy,Style_B,-100
Style_B/data6.npy,Style_B/model6.npy,Style_B,-100
Style_B/data60.npy,Style_B/model60.npy,Style_B,-100
Style_B/data61.npy,Style_B/model61.npy,Style_B,-100
Style_B/data62.npy,Style_B/model62.npy,Style_B,-100
Style_B/data63.npy,Style_B/model63.npy,Style_B,-100
Style_B/data64.npy,Style_B/model64.npy,Style_B,-100
Style_B/data65.npy,Style_B/model65.npy,Style_B,-100
Style_B/data66.npy,Style_B/model66.npy,Style_B,-100
Style_B/data67.npy,Style_B/model67.npy,Style_B,-100
Style_B/data68.npy,Style_B/model68.npy,Style_B,-100
Style_B/data69.npy,Style_B/model69.npy,Style_B,-100
Style_B/data7.npy,Style_B/model7.npy,Style_B,-100
Style_B/data70.npy,Style_B/model70.npy,Style_B,-100
Style_B/data71.npy,Style_B/model71.npy,Style_B,-100
Style_B/data72.npy,Style_B/model72.npy,Style_B,-100
Style_B/data73.npy,Style_B/model73.npy,Style_B,-100
Style_B/data74.npy,Style_B/model74.npy,Style_B,-100
Style_B/data75.npy,Style_B/model75.npy,Style_B,-100
Style_B/data76.npy,Style_B/model76.npy,Style_B,-100
Style_B/data77.npy,Style_B/model77.npy,Style_B,-100
Style_B/data78.npy,Style_B/model78.npy,Style_B,-100
Style_B/data79.npy,Style_B/model79.npy,Style_B,-100
Style_B/data8.npy,Style_B/model8.npy,Style_B,-100
Style_B/data80.npy,Style_B/model80.npy,Style_B,-100
Style_B/data81.npy,Style_B/model81.npy,Style_B,-100
Style_B/data82.npy,Style_B/model82.npy,Style_B,-100
Style_B/data83.npy,Style_B/model83.npy,Style_B,-100
Style_B/data84.npy,Style_B/model84.npy,Style_B,-100
Style_B/data85.npy,Style_B/model85.npy,Style_B,-100
Style_B/data86.npy,Style_B/model86.npy,Style_B,-100
Style_B/data87.npy,Style_B/model87.npy,Style_B,-100
Style_B/data88.npy,Style_B/model88.npy,Style_B,-100
Style_B/data89.npy,Style_B/model89.npy,Style_B,-100
Style_B/data9.npy,Style_B/model9.npy,Style_B,-100
Style_B/data90.npy,Style_B/model90.npy,Style_B,-100
Style_B/data91.npy,Style_B/model91.npy,Style_B,-100
Style_B/data92.npy,Style_B/model92.npy,Style_B,-100
Style_B/data93.npy,Style_B/model93.npy,Style_B,-100
Style_B/data94.npy,Style_B/model94.npy,Style_B,-100
Style_B/data95.npy,Style_B/model95.npy,Style_B,-100
Style_B/data96.npy,Style_B/model96.npy,Style_B,-100
Style_B/data97.npy,Style_B/model97.npy,Style_B,-100
Style_B/data98.npy,Style_B/model98.npy,Style_B,-100
Style_B/data99.npy,Style_B/model99.npy,Style_B,-100
